{
    "model_name": "mlr",
    "timestamp": "20250319_030827",
    "metrics": {
        "test_mse": 14353238.936315807,
        "test_rmse": 3788.5668710365676,
        "test_mae": 2741.5596437769714,
        "test_r2": 0.9747817120341744,
        "test_mape": 9.657199264670071,
        "train_mse": 1.1121006319598428e-15,
        "train_rmse": 3.334817284289865e-08,
        "train_mae": 2.773825917756767e-08,
        "train_r2": 1.0,
        "train_mape": 1.1394895237111455e-10,
        "overfitting_ratio_rmse": 8.802318654540325e-12,
        "overfitting_ratio_r2": 1.0258707027988863
    },
    "parameters": {
        "copy_X": true,
        "fit_intercept": true,
        "n_jobs": null,
        "positive": false
    }
}