{
    "model_name": "rf",
    "timestamp": "20250319_031754",
    "metrics": {
        "test_mse": 9540855.5210107,
        "test_rmse": 3088.827531768438,
        "test_mae": 2053.3291200000003,
        "test_r2": 0.9832369513921753,
        "test_mape": 5.438551173766308,
        "train_mse": 1225634.3506209997,
        "train_rmse": 1107.083714368972,
        "train_mae": 743.0836324999999,
        "train_r2": 0.997861805245754,
        "train_mape": 2.00885324582688,
        "overfitting_ratio_rmse": 0.358415516238013,
        "overfitting_ratio_r2": 1.0148741906341816
    },
    "parameters": {
        "bootstrap": true,
        "ccp_alpha": 0.0,
        "criterion": "squared_error",
        "max_depth": null,
        "max_features": 1.0,
        "max_leaf_nodes": null,
        "max_samples": null,
        "min_impurity_decrease": 0.0,
        "min_samples_leaf": 1,
        "min_samples_split": 2,
        "min_weight_fraction_leaf": 0.0,
        "monotonic_cst": null,
        "n_estimators": 100,
        "n_jobs": null,
        "oob_score": false,
        "random_state": 42,
        "verbose": 0,
        "warm_start": false
    }
}